Sleep Schedule,Sleep Hours,Trouble Sleeping,Wake Up Rested,Sleep Disruptions,Wake Up Tired,Caffeine Intake,Eat Heavy Meals,Eat Before Bed,Alcohol Consumption,Fluid Intake,High Protein,Exercise Frequency,Exercise Intensity,Exercise Sleep Quality,Stress Level,Main Stressors,Stress Management,Mood Swings,Stress Sleep Disruption,Relaxation Before Bed,Sleep Recommendation,Diet Recommendation,Exercise Recommendation,Stress Recommendation
Irregular,7,1,0,1,1,3,0,0,0,12,0,Never,High,0,10,Health,1,1,1,0,Avoid screens 30 minutes before bed,Limit caffeine intake,Try a morning jog or brisk walk,Use deep breathing exercises
Regular,9,0,1,0,1,3,1,1,1,8,0,Occasionally,High,1,5,Other,1,1,1,1,Limit naps to 20 minutes,Avoid heavy meals before bedtime,Avoid intense workouts close to bedtime,Take a warm bath before bed
Regular,10,0,1,1,0,2,1,1,1,5,1,Occasionally,Moderate,0,2,Other,0,1,0,0,Establish a regular sleep routine,Eat a balanced dinner,Focus on strength training,Journal your thoughts to reduce anxiety
Irregular,8,0,1,1,0,1,1,1,0,5,0,Regularly,High,0,4,Work,1,0,0,1,Try a sleep aid like melatonin,Avoid alcohol in the evening,Engage in yoga or stretching exercises,Practice mindfulness meditation
Irregular,9,0,0,1,0,1,0,0,0,3,1,Never,Moderate,1,6,Family,0,0,0,1,Avoid screens 30 minutes before bed,Drink a glass of water before bed,Avoid intense workouts close to bedtime,Take a warm bath before bed
Irregular,9,1,0,0,1,4,0,1,0,10,1,Regularly,Low,1,3,Finances,1,1,1,1,Try meditation or deep breathing before sleep,Eat a balanced dinner,Engage in yoga or stretching exercises,Consider cognitive behavioral therapy for stress
Irregular,5,0,1,1,1,0,1,1,0,8,1,Occasionally,Moderate,1,7,Family,0,0,1,1,Establish a regular sleep routine,Eat a balanced dinner,Engage in yoga or stretching exercises,Take a warm bath before bed
Regular,7,0,0,0,0,3,1,0,0,8,0,Never,Low,0,6,Work,0,0,1,1,Avoid screens 30 minutes before bed,Avoid alcohol in the evening,Get 20-30 minutes of exercise daily,Take a warm bath before bed
Irregular,8,0,0,1,0,0,0,0,0,4,0,Occasionally,High,1,7,Relationships,1,0,1,0,Create a relaxing bedtime ritual,Eat more magnesium-rich foods,Try a morning jog or brisk walk,Practice gratitude
Regular,5,1,1,0,0,0,1,1,1,11,1,Occasionally,Moderate,1,4,Relationships,1,0,1,1,Establish a regular sleep routine,Avoid alcohol in the evening,Try a morning jog or brisk walk,Use deep breathing exercises
Irregular,7,0,1,1,0,1,0,0,0,4,0,Regularly,Moderate,0,2,Other,0,0,0,1,Limit naps to 20 minutes,Avoid heavy meals before bedtime,Engage in yoga or stretching exercises,Take a warm bath before bed
Regular,8,0,0,1,1,1,0,0,0,10,0,Never,Moderate,1,6,Relationships,1,1,1,0,Avoid screens 30 minutes before bed,Avoid heavy meals before bedtime,Get 20-30 minutes of exercise daily,Consider cognitive behavioral therapy for stress
Regular,8,0,0,0,1,2,1,0,0,11,1,Regularly,High,1,10,Family,0,0,1,1,Create a relaxing bedtime ritual,Avoid alcohol in the evening,Focus on strength training,Practice gratitude
Irregular,10,0,0,1,0,2,1,1,0,10,0,Occasionally,Moderate,0,4,Other,0,0,1,0,Establish a regular sleep routine,Limit caffeine intake,Avoid intense workouts close to bedtime,Practice gratitude
Regular,6,1,1,0,0,2,1,0,0,12,1,Never,High,1,7,Family,1,1,1,1,Avoid screens 30 minutes before bed,Eat a balanced dinner,Try relaxation exercises before bed,Take a warm bath before bed
Regular,6,1,1,1,1,4,0,0,0,8,0,Occasionally,Low,1,3,Family,1,0,0,0,Try a sleep aid like melatonin,Limit caffeine intake,Focus on strength training,Practice mindfulness meditation
Irregular,5,1,1,1,0,0,0,0,1,11,1,Never,Low,0,8,Health,1,1,1,0,Try a sleep aid like melatonin,Avoid heavy meals before bedtime,Try relaxation exercises before bed,Journal your thoughts to reduce anxiety
Regular,7,1,1,1,0,2,0,0,1,6,0,Occasionally,Moderate,1,8,Work,0,1,1,1,Try a sleep aid like melatonin,Drink a glass of water before bed,Try a morning jog or brisk walk,Practice mindfulness meditation
Irregular,6,1,0,0,0,0,0,1,0,8,0,Regularly,High,0,10,Health,1,1,0,1,Establish a regular sleep routine,Limit caffeine intake,Focus on strength training,Journal your thoughts to reduce anxiety
Irregular,9,0,1,0,1,0,0,1,0,8,0,Never,Moderate,1,7,Family,1,1,1,1,Try meditation or deep breathing before sleep,Eat more magnesium-rich foods,Try relaxation exercises before bed,Practice gratitude
Regular,8,0,1,1,1,0,1,0,1,3,0,Occasionally,High,1,6,Other,0,1,0,1,Avoid screens 30 minutes before bed,Eat a balanced dinner,Engage in yoga or stretching exercises,Use deep breathing exercises
Irregular,5,0,1,0,1,3,0,0,0,11,1,Never,High,1,8,Family,1,0,1,1,Avoid screens 30 minutes before bed,Eat a balanced dinner,Get 20-30 minutes of exercise daily,Use deep breathing exercises
Regular,6,0,0,1,1,1,1,0,0,12,1,Never,Moderate,1,6,Family,0,0,0,0,Create a relaxing bedtime ritual,Eat more magnesium-rich foods,Get 20-30 minutes of exercise daily,Use deep breathing exercises
Regular,8,1,1,1,0,3,0,0,0,7,0,Never,Moderate,0,5,Other,0,1,1,1,Limit naps to 20 minutes,Drink a glass of water before bed,Engage in yoga or stretching exercises,Practice mindfulness meditation
Regular,9,1,0,1,1,1,0,1,0,9,0,Regularly,Low,1,9,Relationships,0,1,0,1,Try meditation or deep breathing before sleep,Eat a balanced dinner,Focus on strength training,Consider cognitive behavioral therapy for stress
Irregular,8,0,1,1,0,1,0,0,1,10,0,Regularly,Moderate,0,3,Finances,0,1,1,0,Limit naps to 20 minutes,Avoid heavy meals before bedtime,Try relaxation exercises before bed,Practice mindfulness meditation
Regular,7,0,0,0,0,4,1,0,0,3,0,Regularly,High,1,6,Health,1,1,1,0,Limit naps to 20 minutes,Eat a balanced dinner,Try relaxation exercises before bed,Take a warm bath before bed
Irregular,10,1,0,0,1,1,1,0,1,9,1,Never,High,0,10,Work,1,1,1,0,Avoid screens 30 minutes before bed,Eat more magnesium-rich foods,Try a morning jog or brisk walk,Use deep breathing exercises
Regular,8,0,1,0,0,1,1,0,0,12,1,Regularly,High,0,4,Family,0,1,1,0,Create a relaxing bedtime ritual,Eat a balanced dinner,Focus on strength training,Consider cognitive behavioral therapy for stress
Regular,8,1,1,0,0,0,0,1,1,12,1,Occasionally,High,1,1,Health,0,1,0,0,Try a sleep aid like melatonin,Limit caffeine intake,Try a morning jog or brisk walk,Use deep breathing exercises
Regular,5,0,1,1,1,1,1,1,0,10,1,Occasionally,Low,0,10,Family,0,0,0,1,Avoid screens 30 minutes before bed,Drink a glass of water before bed,Try relaxation exercises before bed,Journal your thoughts to reduce anxiety
Irregular,7,1,1,0,1,0,0,0,1,8,1,Never,Low,0,7,Finances,0,1,0,1,Create a relaxing bedtime ritual,Drink a glass of water before bed,Engage in yoga or stretching exercises,Take a warm bath before bed
Irregular,7,1,1,0,1,0,1,1,1,12,1,Occasionally,Low,1,10,Other,0,1,0,1,Try a sleep aid like melatonin,Eat more magnesium-rich foods,Focus on strength training,Practice gratitude
Irregular,5,1,0,1,1,3,0,0,0,3,0,Occasionally,Moderate,1,7,Finances,1,1,0,1,Try meditation or deep breathing before sleep,Avoid alcohol in the evening,Try relaxation exercises before bed,Journal your thoughts to reduce anxiety
Irregular,7,1,0,0,0,4,0,1,0,10,1,Never,High,1,1,Other,1,0,1,1,Create a relaxing bedtime ritual,Eat a balanced dinner,Try relaxation exercises before bed,Practice mindfulness meditation
Irregular,7,0,1,0,0,4,1,1,1,5,0,Regularly,Moderate,1,1,Work,1,1,1,0,Establish a regular sleep routine,Avoid alcohol in the evening,Get 20-30 minutes of exercise daily,Journal your thoughts to reduce anxiety
Irregular,6,0,1,1,0,4,1,0,1,10,0,Never,High,1,1,Finances,1,1,1,0,Avoid screens 30 minutes before bed,Eat a balanced dinner,Try a morning jog or brisk walk,Consider cognitive behavioral therapy for stress
Irregular,9,1,1,1,0,3,0,1,0,3,0,Regularly,Moderate,1,4,Finances,0,1,0,0,Create a relaxing bedtime ritual,Limit caffeine intake,Try a morning jog or brisk walk,Practice gratitude
Irregular,9,0,1,1,1,4,1,0,0,9,1,Never,Low,0,9,Health,1,0,1,1,Avoid screens 30 minutes before bed,Eat more magnesium-rich foods,Focus on strength training,Practice mindfulness meditation
Irregular,8,0,0,1,0,2,0,1,0,7,1,Occasionally,Moderate,0,3,Health,0,1,0,0,Try a sleep aid like melatonin,Avoid alcohol in the evening,Try relaxation exercises before bed,Take a warm bath before bed
Regular,10,1,0,0,0,0,0,1,1,6,0,Regularly,High,1,3,Family,0,1,0,1,Create a relaxing bedtime ritual,Eat more magnesium-rich foods,Get 20-30 minutes of exercise daily,Practice mindfulness meditation
Regular,8,1,1,1,0,2,0,0,0,6,0,Occasionally,High,0,1,Relationships,0,1,0,0,Try a sleep aid like melatonin,Eat a balanced dinner,Get 20-30 minutes of exercise daily,Consider cognitive behavioral therapy for stress
Regular,7,0,1,0,1,4,0,1,1,12,1,Regularly,Moderate,0,6,Other,0,1,1,0,Try meditation or deep breathing before sleep,Eat a balanced dinner,Get 20-30 minutes of exercise daily,Take a warm bath before bed
Regular,5,0,1,1,1,4,0,1,1,5,1,Regularly,High,0,1,Work,0,0,0,0,Avoid screens 30 minutes before bed,Avoid heavy meals before bedtime,Avoid intense workouts close to bedtime,Use deep breathing exercises
Irregular,5,1,1,0,0,1,1,1,1,12,1,Never,High,1,9,Finances,0,1,1,0,Try a sleep aid like melatonin,Avoid alcohol in the evening,Avoid intense workouts close to bedtime,Take a warm bath before bed
Irregular,9,0,1,1,1,1,1,1,0,12,1,Never,Moderate,1,9,Family,1,0,1,1,Establish a regular sleep routine,Avoid alcohol in the evening,Engage in yoga or stretching exercises,Use deep breathing exercises
Irregular,6,0,0,1,0,1,0,1,1,7,0,Regularly,High,1,2,Work,0,1,1,1,Limit naps to 20 minutes,Eat more magnesium-rich foods,Get 20-30 minutes of exercise daily,Practice mindfulness meditation
Irregular,9,0,0,1,1,4,1,0,0,7,0,Never,Low,1,3,Family,0,0,0,0,Establish a regular sleep routine,Eat more magnesium-rich foods,Get 20-30 minutes of exercise daily,Consider cognitive behavioral therapy for stress
Regular,7,0,0,1,0,4,0,0,1,8,0,Occasionally,High,1,1,Work,0,1,0,0,Try meditation or deep breathing before sleep,Avoid alcohol in the evening,Try relaxation exercises before bed,Consider cognitive behavioral therapy for stress
Regular,9,0,0,0,1,1,1,1,1,10,1,Regularly,Low,1,2,Relationships,0,0,0,0,Establish a regular sleep routine,Eat more magnesium-rich foods,Try a morning jog or brisk walk,Use deep breathing exercises
Irregular,5,0,0,1,1,2,0,0,1,7,0,Occasionally,High,1,3,Family,1,1,1,0,Avoid screens 30 minutes before bed,Limit caffeine intake,Engage in yoga or stretching exercises,Practice gratitude
Regular,9,1,1,0,0,0,1,1,0,5,1,Occasionally,Moderate,1,4,Family,1,0,0,0,Create a relaxing bedtime ritual,Avoid alcohol in the evening,Focus on strength training,Consider cognitive behavioral therapy for stress
Regular,7,0,0,1,0,2,0,1,1,12,1,Occasionally,Moderate,0,3,Relationships,1,1,0,0,Create a relaxing bedtime ritual,Limit caffeine intake,Avoid intense workouts close to bedtime,Take a warm bath before bed
Irregular,7,0,0,0,0,3,1,1,0,11,1,Regularly,Low,0,1,Health,1,1,0,1,Try meditation or deep breathing before sleep,Avoid heavy meals before bedtime,Try relaxation exercises before bed,Consider cognitive behavioral therapy for stress
Irregular,8,1,1,1,0,3,0,1,1,5,0,Regularly,Low,1,8,Relationships,0,0,1,0,Avoid screens 30 minutes before bed,Avoid heavy meals before bedtime,Try a morning jog or brisk walk,Journal your thoughts to reduce anxiety
Irregular,10,1,1,1,1,2,1,0,1,3,0,Never,Moderate,1,3,Family,1,1,0,1,Create a relaxing bedtime ritual,Eat more magnesium-rich foods,Engage in yoga or stretching exercises,Practice mindfulness meditation
Irregular,5,0,1,0,1,4,0,1,1,5,0,Regularly,High,0,5,Other,0,1,0,1,Try a sleep aid like melatonin,Limit caffeine intake,Try a morning jog or brisk walk,Journal your thoughts to reduce anxiety
Irregular,10,1,1,0,1,1,0,0,1,5,0,Regularly,Moderate,0,10,Other,0,0,0,1,Create a relaxing bedtime ritual,Avoid heavy meals before bedtime,Avoid intense workouts close to bedtime,Journal your thoughts to reduce anxiety
Irregular,5,0,0,0,1,0,0,1,0,12,1,Occasionally,Moderate,1,2,Relationships,0,1,1,1,Try meditation or deep breathing before sleep,Limit caffeine intake,Try relaxation exercises before bed,Use deep breathing exercises
Irregular,8,0,0,1,1,3,1,0,0,9,1,Occasionally,Moderate,0,10,Other,0,0,0,1,Try a sleep aid like melatonin,Eat a balanced dinner,Avoid intense workouts close to bedtime,Practice gratitude
Regular,10,1,0,1,0,4,1,0,1,12,0,Regularly,High,1,3,Work,0,0,0,0,Try a sleep aid like melatonin,Eat a balanced dinner,Focus on strength training,Practice gratitude
Regular,10,1,1,0,1,3,1,1,0,12,1,Regularly,Moderate,1,8,Health,0,0,0,1,Try a sleep aid like melatonin,Eat a balanced dinner,Avoid intense workouts close to bedtime,Use deep breathing exercises
Regular,7,0,1,0,0,3,1,0,0,5,0,Never,Moderate,1,1,Health,1,1,1,1,Limit naps to 20 minutes,Avoid alcohol in the evening,Try a morning jog or brisk walk,Practice mindfulness meditation
Irregular,9,0,1,1,0,3,1,1,1,11,1,Occasionally,Moderate,1,3,Relationships,0,0,0,0,Try a sleep aid like melatonin,Drink a glass of water before bed,Try a morning jog or brisk walk,Take a warm bath before bed
Irregular,5,1,0,1,0,4,1,0,0,9,0,Occasionally,Low,0,7,Relationships,0,0,1,1,Limit naps to 20 minutes,Drink a glass of water before bed,Try relaxation exercises before bed,Practice gratitude
Regular,7,1,0,0,1,0,0,0,0,5,0,Never,High,1,4,Other,1,1,0,1,Try meditation or deep breathing before sleep,Eat more magnesium-rich foods,Try relaxation exercises before bed,Consider cognitive behavioral therapy for stress
Regular,6,1,0,1,0,1,0,1,1,4,1,Occasionally,High,1,3,Work,0,0,1,0,Try a sleep aid like melatonin,Eat more magnesium-rich foods,Get 20-30 minutes of exercise daily,Use deep breathing exercises
Irregular,10,1,0,1,0,2,0,0,1,9,1,Never,Moderate,1,2,Family,1,0,1,0,Try meditation or deep breathing before sleep,Eat a balanced dinner,Engage in yoga or stretching exercises,Journal your thoughts to reduce anxiety
Regular,5,0,0,1,1,0,1,1,0,3,0,Regularly,Moderate,1,3,Finances,1,1,1,0,Try a sleep aid like melatonin,Eat more magnesium-rich foods,Focus on strength training,Practice gratitude
Irregular,8,0,0,0,1,4,0,1,0,3,1,Occasionally,Moderate,1,2,Family,1,1,0,1,Try a sleep aid like melatonin,Eat more magnesium-rich foods,Try a morning jog or brisk walk,Practice gratitude
Irregular,7,1,0,0,1,2,1,1,1,3,0,Never,High,0,4,Finances,1,1,0,1,Try meditation or deep breathing before sleep,Limit caffeine intake,Try relaxation exercises before bed,Use deep breathing exercises
Irregular,10,0,0,0,1,0,0,0,1,12,1,Never,Moderate,0,7,Finances,0,0,1,1,Avoid screens 30 minutes before bed,Eat more magnesium-rich foods,Engage in yoga or stretching exercises,Practice gratitude
Irregular,8,1,0,1,1,3,1,0,0,9,1,Occasionally,Low,1,2,Other,1,0,0,1,Create a relaxing bedtime ritual,Eat more magnesium-rich foods,Focus on strength training,Consider cognitive behavioral therapy for stress
Irregular,10,1,0,0,0,0,0,1,0,9,1,Never,Low,0,6,Health,1,0,1,0,Limit naps to 20 minutes,Eat more magnesium-rich foods,Engage in yoga or stretching exercises,Journal your thoughts to reduce anxiety
Regular,9,1,0,1,1,1,0,1,1,7,1,Never,High,1,9,Other,0,1,0,0,Limit naps to 20 minutes,Avoid heavy meals before bedtime,Avoid intense workouts close to bedtime,Take a warm bath before bed
Irregular,9,1,0,0,0,1,0,1,1,9,0,Occasionally,Low,1,7,Family,1,1,1,1,Limit naps to 20 minutes,Limit caffeine intake,Avoid intense workouts close to bedtime,Use deep breathing exercises
Irregular,8,1,0,1,1,1,0,1,0,10,1,Regularly,High,0,10,Relationships,0,0,0,1,Avoid screens 30 minutes before bed,Limit caffeine intake,Avoid intense workouts close to bedtime,Practice gratitude
Regular,6,1,0,1,1,3,1,1,1,3,1,Occasionally,Moderate,0,7,Work,0,1,0,1,Create a relaxing bedtime ritual,Eat a balanced dinner,Try a morning jog or brisk walk,Practice mindfulness meditation
Irregular,7,0,1,0,1,2,0,1,0,12,0,Never,Moderate,1,9,Finances,0,0,1,1,Avoid screens 30 minutes before bed,Avoid alcohol in the evening,Try a morning jog or brisk walk,Use deep breathing exercises
Regular,10,1,0,1,0,2,0,1,1,4,0,Never,High,0,9,Work,0,0,0,0,Establish a regular sleep routine,Drink a glass of water before bed,Get 20-30 minutes of exercise daily,Use deep breathing exercises
Regular,10,1,0,0,1,0,0,1,1,11,0,Regularly,Moderate,1,2,Finances,1,1,1,1,Avoid screens 30 minutes before bed,Avoid heavy meals before bedtime,Focus on strength training,Practice gratitude
Irregular,9,0,0,1,0,1,0,0,1,3,0,Occasionally,Low,0,2,Relationships,0,1,1,0,Try meditation or deep breathing before sleep,Eat more magnesium-rich foods,Focus on strength training,Take a warm bath before bed
Regular,5,0,0,0,0,3,1,0,1,12,0,Never,High,0,1,Health,1,0,0,0,Try meditation or deep breathing before sleep,Eat more magnesium-rich foods,Try relaxation exercises before bed,Use deep breathing exercises
Regular,5,0,1,0,1,4,0,0,1,5,1,Occasionally,Low,1,8,Finances,1,1,1,0,Avoid screens 30 minutes before bed,Eat a balanced dinner,Avoid intense workouts close to bedtime,Journal your thoughts to reduce anxiety
Irregular,9,0,0,0,0,3,1,0,0,3,1,Never,Moderate,1,7,Relationships,1,0,1,1,Establish a regular sleep routine,Avoid alcohol in the evening,Avoid intense workouts close to bedtime,Use deep breathing exercises
Regular,10,1,0,1,1,1,1,1,1,8,1,Occasionally,High,0,9,Finances,0,0,1,1,Try a sleep aid like melatonin,Limit caffeine intake,Try a morning jog or brisk walk,Practice gratitude
Irregular,6,0,0,0,1,3,0,1,0,3,1,Occasionally,High,0,8,Work,0,0,0,1,Establish a regular sleep routine,Eat a balanced dinner,Try a morning jog or brisk walk,Take a warm bath before bed
Irregular,7,1,1,0,0,0,1,1,1,8,0,Regularly,Low,1,3,Other,1,0,0,1,Try meditation or deep breathing before sleep,Eat a balanced dinner,Engage in yoga or stretching exercises,Practice mindfulness meditation
Regular,10,1,1,1,0,2,1,0,1,5,0,Never,High,1,6,Finances,0,1,1,1,Establish a regular sleep routine,Avoid alcohol in the evening,Get 20-30 minutes of exercise daily,Journal your thoughts to reduce anxiety
Regular,7,1,0,0,0,3,0,1,1,6,1,Never,Low,0,1,Family,1,0,1,1,Avoid screens 30 minutes before bed,Avoid heavy meals before bedtime,Try a morning jog or brisk walk,Use deep breathing exercises
Regular,7,0,1,1,1,3,1,0,0,11,1,Occasionally,Moderate,1,8,Finances,0,1,0,1,Avoid screens 30 minutes before bed,Avoid heavy meals before bedtime,Try a morning jog or brisk walk,Take a warm bath before bed
Irregular,9,1,1,0,0,0,1,1,0,8,1,Never,Moderate,0,1,Relationships,1,0,0,0,Limit naps to 20 minutes,Drink a glass of water before bed,Avoid intense workouts close to bedtime,Practice gratitude
Irregular,7,1,1,1,0,0,1,1,0,3,0,Never,High,1,4,Relationships,0,0,0,1,Limit naps to 20 minutes,Drink a glass of water before bed,Avoid intense workouts close to bedtime,Practice mindfulness meditation
Regular,8,1,1,1,1,1,1,0,1,12,0,Occasionally,High,1,6,Other,0,0,1,0,Avoid screens 30 minutes before bed,Drink a glass of water before bed,Try a morning jog or brisk walk,Consider cognitive behavioral therapy for stress
Irregular,7,0,0,0,0,1,1,0,0,12,0,Regularly,Moderate,0,5,Health,0,1,1,1,Try a sleep aid like melatonin,Limit caffeine intake,Get 20-30 minutes of exercise daily,Journal your thoughts to reduce anxiety
Regular,8,1,0,1,1,1,1,1,1,12,0,Occasionally,High,1,2,Other,1,1,1,0,Try a sleep aid like melatonin,Avoid heavy meals before bedtime,Get 20-30 minutes of exercise daily,Practice gratitude
Irregular,6,0,1,0,0,0,0,1,0,6,0,Occasionally,Moderate,1,5,Work,1,1,0,1,Avoid screens 30 minutes before bed,Avoid alcohol in the evening,Get 20-30 minutes of exercise daily,Take a warm bath before bed
Irregular,9,0,0,1,1,0,0,0,0,3,1,Occasionally,Low,0,9,Health,1,0,1,1,Try meditation or deep breathing before sleep,Limit caffeine intake,Get 20-30 minutes of exercise daily,Practice mindfulness meditation
Regular,10,0,1,1,0,1,0,1,0,6,1,Regularly,Moderate,1,10,Work,1,0,1,1,Limit naps to 20 minutes,Limit caffeine intake,Get 20-30 minutes of exercise daily,Journal your thoughts to reduce anxiety
Regular,10,0,0,0,0,1,1,0,0,5,1,Occasionally,Moderate,1,4,Health,0,1,1,0,Limit naps to 20 minutes,Drink a glass of water before bed,Engage in yoga or stretching exercises,Practice mindfulness meditation
